YAR009C	NC_001133.9_160597-164187:-_usf:500 	aaatcgaaaacagcCAGGGCTCACAATGTATCCACATCTAATAACTCTCCCAGCACGGACAACGATTCcatcagtaaatcaactactgaaccgattcaattgaacaataagcaCGACCTTCATCTTAGGCCAGAAACTTACTGAATCTACAGTAAATCATACTaatcattctgatgatgaactccctggacacctccttctcgattcaggagcatcacgaacccttataagatctgctcatcacatacactcagcatcatctaatcctgacataaacgtagttgatgctcaaaaaagaaatataccaattaacgctattggtgacctacaatttcacttccaggacaacaccaaaacatcaataaaggtattgcacactcctaacatagcctatgacttactcagtttgaatgaattggctgcagtagatatcacagcatgctttaccaaaaacgtcTTAGAACGGTCTGACGGCACTGTACTTGCACCTATCGTAAAat
YBR067C	NC_001134.8_372103-372735:-_usf:500 	CAATATTCCCAAAAAGAGCATCAGACGATCTGGTTATGGTTTTTCTTGACTATAACCTTAATTATGAGACTAATGTCTTCGGGAGGTCCCTTTTCCGATTTTCCGACTCTTTTCCGTTGAAGAATGTACTTGTGGTTTTGAATCCTACGGCAGTTATTGCGGCGGTTTGGCCctttctttcaaagattgTGATGGAAATAATTGATTGTTCCGGGAAATGTGTCTTATTTTCTAAAagcatctttttttctctccAATTCTTCGAGCTATTTCCagtaaaggaaaaaaaaggtttgcTGTAAGGGTGAATATGTCTCCAACCTCTTTGAGGTACTGCGTTGCTTCATTCACCATTTAATATAAATAGTACATTGGCAGCCCTCTTTCAAACGTCAATTATTCTCGCTTGCCTAACTTTGTTCGGACCGAAATTATAAAGGCATTCAATCAGTAACAATAATTGCTATTGCATAACTATACCCTCTgctaaataaaataaa
YCL027W	NC_001135.5_71803-73341:+_usf:500 	AatccttcaatttttctggCAACTTTTCTCAACAGAACAATAACGGCAACCAGAACCGCTACTGAACGATGATTCAGTTCGCCTTCTATCCTTTGTTTACGtatttgtttatatatataactttatttttttttattaattgGGCTGCAAGACAATTTTGTTGTCAGTGATGCCTCAATCCTTCTTTTGCTTCCATATTTACCATGTGGACCCTTTCAAAACAGAGTTGTATCTCTGCAGGATGCCCTTTTTGACGTATTGAATGGCATAATTGCACTGTCACTTTTCGCGCTGTCTCATTTTGGTGCGATGATGAAACAAACATGAAACGTCTGTaatttgaaacaaataaCGTAATTCTCGGGATTGGTTTTATTTAAATGACAATGTAAGAGTGGCTTTGTAAGGTATGTGTTGCTCttaaaatatttggatACGACAtcctttatcttttttcctttaagAGCAGGATATAAGCCATCAAGTTTctgaaaatcaaa
YDR365W-B	NC_001136.10_1206997-1212265:+_usf:500 	gatgagatgagatgaaattttttctgtaactgaaaaatttcgGAACGTCAATAATGATCGGTAGCCTCATCTGGGATATTTGGCCCGGCTCATATTGCTAATCTTTGGATATAGGGCTATTAGCAGATTTCAATCGTCCTCTCTTGGCATAGTAGACACAGAGTTGTATTTGCGCTTCTGAGCGATGCTTCCGAGATTGTTGAAGCATGTTGGAATagaaatcaactatcatctactaactagtatttacattactagtatattatcatatacggtgttagaagatgacgcaaatgatgagaaatagtcatctaaattagtggaagctgaaacgcaaggattgataatgtaataggatcaatgaatataaacatataaaatgatgataataatatttatagaattgtgtagaattgcagattcccttttatggattcctaaatccttgaggagaacttctagtatattctgtatacctaatattatagcctttatcaaca
YDR461W	NC_001136.10_1385176-1385286:+_usf:500 	aagaatttattgCGTCTGGGTTCAACACTAATTATGCGTACGAAAGGGTGTTGACAGAGGCATTTATGGGCTTAGGATGTGTTATATCCGAGGAGCTTTAAAACATCAGGATAGTGTGCAACGTGGCATAAGCTATGTAATCAActactttttattttctatgTACGCATATACATGCATTCACGATCTGTTTCAGTGTTCAGAAAAAAGGCACCTACTGCTACGGTTGGCCCATACCTTtattctttgttcttgttaCAAACGAGTGTGTAATTAcccaaaaaggaaatttaCATGTTAAATGAAACCCAGTAATCAGAAAAAACAGTTAAGAAACCTAAAATGGTAGAGATAAAGATACAGATTCAGTGGTTGCTGAAAATcaagtaaaaaaatgaaatagaGTCTTCATATATAAACCGCCAGAAATGAATTAATGAGAGGGATCTGTAACTGTTTCTCGGATAAAACCAAAATAAGTACAAAGCCATCGAATAGAA
YFL026W	NC_001138.5_82580-83875:+_usf:500 	AGAACGAACTGTAGAATAGTCCGGATATGTTATCCAATGCCTGCCAAAATGCATTGTCACACGCTGTAGTGCTCGAATAGGTGTTGCAATCCGTCAATATACGTCTTGCTCTGTGGGTAAATGTCTCGTGCATTAAGACAGGCTAGTATAAACGAGAAGAAGTATCCTGCTTTGCAATGAAACAATAGTATCCGCTAAGAATTTAAGCAGGCCAACGTCCATACTGCTTAGGACCTGTGCCTGGCAAGTCGCAGattgaagttttttcaaCCATGTAAATTTCCTAATTGGGTAAGTACATGATGAAACACatatgaagaaaaaagctttCCTACatattcaagatttttttctgtggGTGGAATACTATTTAAGGAGTGCTATTAGTATCTTATTTGACTTCAAAGCAATACGataccttttcttttcacctGCTCTGGCTATAATTATAATTGGTTACTTAAAAATGCACCGTTAAGAACCATATCCAAGAATCAAAA
YGL038C	NC_001139.9_425362-426804:-_usf:500 	ATAAATAAGAGCTGAATAATACTTCTTCAACCTGATGAACTAGGGTGGCTTGCAAATGCACAAATCTATATAAcaatatctatatatatgtatgtacACCGAATTCCGACATATGGAGAAggaataataaaatattaacTAACGTCTTTACGCCTctctttattcttttttgggTAAATTGCTTAAACTATTTGGCCGGCCCACCGCGAAAAGATTTGGCTGGGCCTCAACTAAACGCGCCTTTTTGGACTTTTCACGTTGCAGGGACAGCAACGTCAAAACTTCTGCATTAAGGTAGTTTGGTAGCTTGGTAGCCACTTTAGTATTTCTGCCTTCTTCGAATACCGACATTATTTCTCGCCAATCCACATTCTCTCTCCCCATCTGCAtccttttatatttaataGGGATAGGTTGTTTTAGTTCTTTGATTCCGTTTTCATTTCAAGAGCAATAATAgcaatttggaaaaagaaagcaagtaaaagaaagaagagatc
YGL089C	NC_001139.9_344791-345153:-_usf:500 	TGCTCATTGATGTCCCTAAAAGGTAATGTCGCATAGTAAGATGTATGTCCCATATCAAACGCATTCCTAGAAAAACATGCACTGAATGAATAAGCAGTTACTTCGATTACTAATCTTCACAGcataatttttctcttatCTTGTAAACCTCTTTCTATCTTTTCATAAAGTTTGTCACttatatttcttcattgGTACATCAATGCCAGCAACGATGTGCGCATCTGGGCGACGCCTGTAGTGATTGTTTTCAAGGTATCGAGCCAAACTATTCATCGTTACTGTTTCAAATATTCAGTTGTTTCAGTACAGAGTCGCCGTGGACCTAGTGAAACTTGGTGTCTTTACAGCGCAGAGACGAGGGCTTATATGTATAAAAGCTGTCCTTGATTCTGGTGTAGTTTGAGGTGTCCTTCCTATATCTGTTTTTATATTCTATATAATGGATAATTACTACCATCACCTGCATCAAATTCCAGTAAATTCACATATTggagaaa
YIR019C	NC_001141.2_389572-393675:-_usf:500 	GCTGAGCAATTTAAAGCAACTATTAGGGTACGATTGTTTCTAGAGAAATGTGGGTCATCTTTTTAGGTCCGTTCTCTTCTGATGAGGTAACCTTTACAAAAATGTCATAGAGTTACCAATTGGGATTCAAGGCATCATCGCAATATACTTCGTTCTTTTACGGAGAAATTAAGCTCTTTCTACTTTGAATTAACTGTTAGACTTGTCTTATCTGAGGAATGTCCGTGTTCgaattaaataaaaaattaggGCAGTTTTATTTACCTTAACAAATATGTTCAAGCATTTACGTTACTGCGCTCTCTTCTAGTTCAAGAACGGATAACTCATAGACTTACCAGTACAAATTGTTGAAGGGTTCCCAATTGATAAAAAGGATCTCTTGCTTCCTAAAATAAACGTATAAAAAGCACCCTATTCATCAGTTATTATCCCTCGTCATGTTGTGGTTCTAATTAAAATATACTTTTGTAGGCCTCAAAAATCCATATACGCACACT
YJR153W	NC_001142.9_722815-723900:+_usf:500 	AGGCCAAGGATTAGATTAATGGGTGCATTGtacgaaaaaaaatagtttaCAGTCATTTATTCGCAataaatcaatttttttttcaaaaaatatgtaagtctgataaaaaattcttcactGAAGAGAGATGCTTACATTCTAATTCTTGAATAAAAGACTCTCTAACGCTGTGAATTCTCTTTAGCTGTAACGGAAACAGAGAGTTATTCCGTAGTCactgaattttttttttttgacgcTATTATTTAAAACCTAGGATATCCGTCCCATACAAAACGGCCACGAGTTTCAATCCCAGAATGTACGAGTTATAATTCTCCTAGATGCATGATACTCGTGCATTCGTTTAACAATCATACCAATTTCCCATTTTCGGGATATTAAACATGAACATACTTTTTTACTGTGAGAATGTGGTTTCACAATTATTCCATACAGGTATAAAAACGCACAGAACTTCAAACGGGAAGACTATCTACCCACATTGATGGACAAACGCA
YKL178C	NC_001143.9_113215-114627:-_usf:500 	ATTTACACCACCAGAAGCGTTCTGGCTCCCCTTTTCTCTAAACGTTAAACATTTTACAATTGAAATGTTACCAATCCTATATTATTGTACCACATTGCCAGATTTATGAACTCTGGGTATGGGTGCTAATTTTCGTTAGAAGCGCTGGTACAATTTTCTCTGTCATTGTGACACTAATTAGGAAACTTCTCGACTATCAATGTGTAAATGAAGGAATAATGGCGGAAACTTTGAAACTTTGTCAATAATTGCATCATTGGATGCGTTTCATTTGGCCGTTATCACGGAGAGGCAGAGTTCTCTCCACAATTTGGGCAGAagtcttttgaaaagacatatatatatatatatatgtatatgaGTGGATGCTTAAGGTAAGAATAATTTCTGAATTCCCAAGTATTCATTTTGTGCAGTATTCACATATTCTATTTTATTGCTTTTTAACTTTAGAGGCAATTAAATTTGTGTAGGAAAGGCAAAATactatcaaaattttc
YKR013W	NC_001143.9_463959-464948:+_usf:500 	CTGCAGAGATCTCTCATCTGGGTCTTAGCGGTTCTCCGCACCCTGGCGATGTGCTTCGAGAACGTCTTTGTTCATCACATAGACTGCACTGCACTGCGCCATCATCTCGATCGATCGCGAGACTTTCGCGGCGACATTCGCGAAATGCCAAATGAAATCGAGCCGGCCTCGTGAAAAGgtgtaaaaaaagaaaacgcaTCACTGAAATGGACCCCGTTATGAAACGAATGAGAGATCTGCCCATAGATCATCTTTCCTATAGCGGGAATAAACATGTGTGCTATTTACAGTACATTTCGTGTATCTCACGCACTTCTCTATATGTAatgtttttgaaacatAGACGTCGTTCAAAGGCAATGCTTTTGATctttgtatatatatatgcttGTCGCAGAGTGTTACATATTGCTGTGATGGATCTGTTGGCTCTTGGTATCATCGTTCCTCGAAACAGCCCATCATAAAACAATACCATTCCTTTAATAAAACTTAcaaag
YKR102W	NC_001143.9_646356-649865:+_usf:500 	GCACACGAAAGcttgttttcctttataATTCTTTTCAGGAATTATACCTTACTTCAATTTAGAAGCGCATAGCAAACGGGAAGAATGCGTACACTGCAGGGTTGTTGTGATCCGTCACGTGTATGCAAAACGCGTTAGAGAGTAGTTATGTGCTAACTGTGTGGTAGAAATTtatatttctcttttaagGTTGTTTGGTATGTATCCGCCGTgaaaaaagtaagaaaaCATCCAAATGGGCTCCTGCCTGAATGTTTCCTTCGATAAACGTATACGCCAATAGTGAAGAAAGTCGCCTAAATTTATTCTGTTGTAACGAATGATTCATGGTTTAACTTTTTTAGACTCTAGTATAACTAGCAAGTATACATATTTGCTCAAAACATGTTCGAGTGCGAAAGTGTTGACATATAAAGAGACACTTCTTTTACGTTCCACTGTTTCGAGTTTACGTTGAAGATTTGTTTTAGGGTGCTTAATCAAAGAacaacaaataaaaa
YNL145W	NC_001146.8_352414-352530:+_usf:500 	CGGAAAACTTGgtggattttgatgatgTTAACATGGTCGATAAGACCAGactgtttatttttttatttttcagtttcatcaTTACTATACCGTTTATGGTATAAATTAGAAAAGTTAAAGCAGCATGTTttcatttgaaacaaataCTAATGCAATAATAGGTACACCATCTACTACATAATTAATTGATAGTTTCCTTTTCCGTTAAGTGCATGCATAGGACGCCCATAATTTTTTAAGTTAAAAAAGCATGTATTTACCTATTCGGGAAATTTACATGACATGGATGCCATAAGgaacgaaaatgaaacatGCATGTCagaggaaaaagaacaaagcGAGAGGAAAAAGCTGTTGCATTACCACGTAattttgtatataaatatctGATAAATAACCATTTTATTTCCATCCACTTCTTCTGTCGTTCATCCGTTCATTGACATCACTAGAGACACCAGCGAGCTATCATCTTCATACAACAATAACTACCAACCTTA
YNL279W	NC_001146.8_110917-112902:+_usf:500 	TATTCTCTACACCGAATTTGTCTTTACTCCTATGCTGTTTACAAGGTCTATCTGATAAGCAATTGCGCAAGAAAATAGTAGAATGAAAACTGattattaaaaacaaaCGTAAACTCAAGCCTCACTTGATGCTCAGACGGAGTACGTGAAAAACGTCCGTTATGCAAAACCCTTTATATGCACAACCTTCACACAATGCAAATTTCCGATGATGCCTACATACAAAAGAGCGAAAGGcgatataaatttttttcacgGGATTTTCGTTTAggtgaaaataaaatgaacGACAGAGCATGCAGAGTCCGGGTAATACATATGTTTCAATACTGTTTCAATACTGTTTCAGAAGTGCGTCACATATTAATTTTAACTTATAACTGGCCTGTTGCTGGCAAGaggtatatatatatgacGAATGTGACCAACATAAGTCCTTAAGATAATCCCGAAATATTTGGTTAGGATGATTCCCTTTCGAATTTGTGAACGTTGATGAT
YPL187W	NC_001148.4_193648-194145:+_usf:500 	TAGTGTGgatttcaataatttccGAATTAGGAATAAATGCGCTAAATAGACATCCCGTTCTCTTTGGTAATCTGCATAATTCTGATGCAATATCCAACAACTATTTGTGCAATTATTTAACAAAATCCAATTAACTTTCCTAATTAGTCCTTCAATAGAACATCtgtattccttttttttatgaacACCTTCCTAATTAGGCCATCAACGACAGTAAATTTTGCCGAATTTAATAGCTTCTACTGAAAAACAGTGGACCATGTGAAAAGATGCATCTCATTTATCAAACACATAATATTCAAGTGAGCCTTACTTCAATTGTATTGAAGTGcaagaaaaccaaaaagCAACAACAGGTTTTGGATAAGTACATATATAAGAGGGCCTTTTGTTCCCATCAAAAATGTTACTGTTCTTACGATTCATTTACGATTCAAGAATAGTTCAAACAAGAAGATTACAAACTATCAATTTCATACACAATATAAACGATTAAAAGA
